"date","ticker","price","idx_price"
2000-01-03,"IBM",81.66840515,1
2000-02-01,"IBM",79.2270763,0.970106813699667
2000-03-01,"IBM",78.0511170434783,0.95570761912299
2000-04-03,"IBM",79.8898837894737,0.978222651008555
2000-05-01,"IBM",75.4339013181818,0.923660761828674
2000-06-01,"IBM",80.2949795,0.983182901056076
2000-07-03,"IBM",75.56875025,0.925311938089194
2000-08-01,"IBM",85.6229321304348,1.04842174857182
2000-09-01,"IBM",87.49057745,1.07129038811651
2000-10-02,"IBM",73.0104502727273,0.893986482760736
2000-11-01,"IBM",69.612616,0.852381234482819
2000-12-01,"IBM",63.96965535,0.783285228020643
2001-01-02,"IBM",71.5496834285714,0.876099922572951
2001-02-01,"IBM",78.0307347368421,0.955458045170876
2001-03-01,"IBM",68.4044400909091,0.837587558680385
2001-04-02,"IBM",73.08442045,0.89489222075252
2001-05-01,"IBM",81.4854631363636,0.997759941395937
2001-06-01,"IBM",80.8047194761905,0.989424482182269
2001-07-02,"IBM",75.0804476190476,0.919332849480135
2001-08-01,"IBM",73.954722826087,0.905548757689766
2001-09-04,"IBM",66.9603688,0.819905429486644
2001-10-01,"IBM",72.0062566956522,0.881690496629616
2001-11-01,"IBM",80.400273,0.984472181773713
2001-12-03,"IBM",85.46509565,1.04648909811605
2002-01-02,"IBM",81.8702417142857,1.00247141552373
2002-02-01,"IBM",72.7513942631579,0.890814435882955
2002-03-01,"IBM",74.5459366,0.912787955918593
2002-04-01,"IBM",63.3159235454545,0.775280519181959
2002-05-01,"IBM",58.3482563636364,0.714453236309297
2002-06-03,"IBM",52.88485075,0.647555816142933
2002-07-01,"IBM",49.4885684090909,0.605969570707246
2002-08-01,"IBM",53.1970529090909,0.651378618345542
2002-09-03,"IBM",48.5890448,0.594955230370383
2002-10-01,"IBM",47.9304578695652,0.586891072276134
2002-11-01,"IBM",58.0569401,0.710886174321233
2002-12-02,"IBM",57.3108705714286,0.701750823542666
2003-01-02,"IBM",58.8215877142857,0.720249007021116
2003-02-03,"IBM",55.4910384736842,0.679467639557355
2003-03-03,"IBM",56.7337178571429,0.69468379788904
2003-04-01,"IBM",58.6666585714286,0.7183519558595
2003-05-01,"IBM",62.3325382380952,0.763239322766367
2003-06-02,"IBM",59.6193311904762,0.730017086546182
2003-07-01,"IBM",59.7852128181818,0.732048246912311
2003-08-01,"IBM",58.4281317619048,0.715431281590354
2003-09-02,"IBM",63.781869,0.780985852274844
2003-10-01,"IBM",64.6166923043478,0.791207960846874
2003-11-03,"IBM",64.1186069473684,0.7851090863058
2003-12-01,"IBM",66.0515393181818,0.808777142113468
2004-01-02,"IBM",68.0264859,0.83295964669637
2004-02-02,"IBM",70.615375,0.864659654737974
2004-03-01,"IBM",67.0304180869565,0.820763157598609
2004-04-01,"IBM",66.0149862857143,0.808329563488657
2004-05-03,"IBM",62.94907225,0.770788558125774
2004-06-01,"IBM",64.2584561428571,0.786821488981374
2004-07-01,"IBM",61.4069640952381,0.751906003092043
2004-08-02,"IBM",60.9573481818182,0.746400619307529
2004-09-01,"IBM",61.4892983333333,0.75291415597496
2004-10-01,"IBM",63.0278603333333,0.771753289629819
2004-11-01,"IBM",67.8340551904762,0.830603402452707
2004-12-01,"IBM",70.1545791818182,0.859017377074593
2005-01-03,"IBM",68.04277585,0.833159111225769
2005-02-01,"IBM",67.563165,0.82728645032197
2005-03-01,"IBM",66.0201245909091,0.808392480172108
2005-04-01,"IBM",58.6925664761905,0.718669188756534
2005-05-02,"IBM",54.7052293333333,0.669845691646071
2005-06-01,"IBM",54.7866465,0.670842615321967
2005-07-01,"IBM",58.94825665,0.721800022196221
2005-08-01,"IBM",59.7066705217391,0.731086524979595
2005-09-01,"IBM",57.9403469047619,0.709458532933796
2005-10-03,"IBM",59.6768186190476,0.730720999258397
2005-11-01,"IBM",62.3505078571429,0.763459354234039
2005-12-01,"IBM",61.9082596666667,0.758044185544704
2006-01-03,"IBM",60.09381105,0.735826920332606
2006-02-01,"IBM",58.8698934736842,0.720840493524493
2006-03-01,"IBM",60.0617739130435,0.735434637210416
2006-04-03,"IBM",60.2832648947368,0.738146713946658
2006-05-01,"IBM",59.7658345909091,0.731810967547823
2006-06-01,"IBM",57.1238818181818,0.699461214079822
2006-07-03,"IBM",55.69923255,0.682016900510025
2006-08-01,"IBM",57.3811583913043,0.702611472403711
2006-09-01,"IBM",60.1530302,0.73655203734562
2006-10-02,"IBM",64.2666737272727,0.786922110322032
2006-11-01,"IBM",68.2502616666667,0.835699699795921
2006-12-01,"IBM",70.1676041,0.859176862473603
2007-01-03,"IBM",72.70442045,0.890239258578199
2007-02-01,"IBM",72.8026190526316,0.891441664850873
2007-03-01,"IBM",69.4675310454545,0.850604721836601
2007-04-02,"IBM",71.82609515,0.879484483847546
2007-05-01,"IBM",78.0170923636364,0.955290999259049
2007-06-01,"IBM",77.8842373809524,0.953664238182474
2007-07-02,"IBM",82.9820003809524,1.01608449716313
2007-08-01,"IBM",83.7283391304348,1.0252231444541
2007-09-04,"IBM",87.0569995789474,1.0659813843438
2007-10-01,"IBM",86.6114731304348,1.06052607457383
2007-11-01,"IBM",79.4180083809524,0.972444707780024
2007-12-03,"IBM",81.13834755,0.993509636939445
2008-01-02,"IBM",76.9497364761905,0.942221613546355
2008-02-01,"IBM",81.20062215,0.9942721668295
2008-03-03,"IBM",87.1638928,1.06729025306551
2008-04-01,"IBM",89.9984074545455,1.10199785693434
2008-05-01,"IBM",94.8430073333333,1.1613182253178
2008-06-02,"IBM",94.0371801428571,1.15145116364327
2008-07-01,"IBM",94.4767534545455,1.15683357941202
2008-08-01,"IBM",94.9809433333333,1.16300720160853
2008-09-02,"IBM",88.4180548571429,1.0826470125717
2008-10-01,"IBM",69.4678885217391,0.850609099004049
2008-11-03,"IBM",62.5960492631579,0.766465919693032
2008-12-01,"IBM",62.5049317727273,0.765350219070946
2009-01-02,"IBM",67.1174677,0.821829048537505
2009-02-02,"IBM",69.9838536842105,0.856926905278381
2009-03-02,"IBM",70.3568567727273,0.861494192809363
2009-04-01,"IBM",77.3661633333333,0.947320609374399
2009-05-01,"IBM",79.82749945,0.977458777398447
2009-06-01,"IBM",82.1315520454545,1.00567106575185
2009-07-01,"IBM",84.8533901363636,1.03899898596665
2009-08-03,"IBM",91.826601,1.12438342381417
2009-09-01,"IBM",92.2621913333333,1.12971706945759
2009-10-01,"IBM",94.841295,1.1612972584172
2009-11-02,"IBM",97.76662215,1.19711682835526
2009-12-01,"IBM",100.348264772727,1.22872810591095
2010-01-04,"IBM",100.272588684211,1.22780147965471
2010-02-01,"IBM",97.6676294736842,1.19590469893833
2010-03-01,"IBM",99.8049073478261,1.22207489131831
2010-04-01,"IBM",101.145428666667,1.23848908866156
2010-05-03,"IBM",99.66059105,1.22030779059483
2010-06-01,"IBM",100.070342363636,1.22532504681385
2010-07-01,"IBM",100.09856852381,1.22567066590757
2010-08-02,"IBM",100.880029636364,1.23523937379551
2010-09-01,"IBM",102.660312142857,1.25703828738055
2010-10-01,"IBM",110.113307095238,1.34829750737747
2010-11-01,"IBM",114.289756666667,1.39943661758487
2010-12-01,"IBM",115.054175318182,1.40879664671867
2011-01-03,"IBM",121.33528905,1.48570660621013
2011-02-01,"IBM",129.758468210526,1.58884537995078
2011-03-01,"IBM",127.57650726087,1.56212805951764
2011-04-01,"IBM",131.9923439,1.61619837754356
2011-05-02,"IBM",135.385843047619,1.65775054378687
2011-06-01,"IBM",132.275183272727,1.619661643077
2011-07-01,"IBM",142.9693283,1.75060757017856
2011-08-01,"IBM",135.73979426087,1.66208454801532
2011-09-01,"IBM",136.583435095238,1.67241462404434
2011-10-03,"IBM",146.25616452381,1.79085368760638
2011-11-01,"IBM",148.266052952381,1.8154640424294
2011-12-01,"IBM",151.263592,1.85216782086261
2012-01-03,"IBM",149.5913391,1.83169169062683
2012-02-01,"IBM",156.7585983,1.91945217997195
2012-03-01,"IBM",164.621730409091,2.01573338069638
2012-04-02,"IBM",164.9423531,2.01965928925698
2012-05-01,"IBM",162.004759318182,1.98368951886141
2012-06-01,"IBM",157.479232857143,1.92827608875062
2012-07-02,"IBM",154.998307761905,1.89789806078887
2012-08-01,"IBM",161.001377869565,1.9714034769487
2012-09-04,"IBM",166.092724368421,2.0337451682001
2012-10-01,"IBM",165.180735190476,2.02257819149388
2012-11-01,"IBM",156.174107857143,1.91229530649336
2012-12-03,"IBM",157.40977315,1.92742557982963
2013-01-02,"IBM",161.577064142857,1.97845254656423
2013-02-01,"IBM",164.995226368421,2.0203067032517
2013-03-01,"IBM",173.5305054,2.12481809925487
2013-04-01,"IBM",168.3944805,2.06192933718628
2013-05-01,"IBM",169.444252090909,2.07478340956569
2013-06-03,"IBM",165.97448885,2.03229741716096
2013-07-01,"IBM",160.606904545455,1.96657329417011
2013-08-01,"IBM",155.259712863636,1.90109887144816
2013-09-03,"IBM",156.76936355,1.91958399655365
2013-10-01,"IBM",150.078090391304,1.83765178364456
2013-11-01,"IBM",151.28481835,1.85242772981958
2013-12-02,"IBM",149.552111714286,1.83121136551649
2014-01-02,"IBM",153.68670952381,1.88183801607897
2014-02-03,"IBM",151.382261684211,1.85362088810437
2014-03-03,"IBM",157.480380857143,1.92829014559424
2014-04-01,"IBM",162.698655714286,1.99218602855606
2014-05-01,"IBM",158.549055571429,1.94137567986325
2014-06-02,"IBM",154.533466190476,1.89220624434437
2014-07-01,"IBM",161.305841,1.97513151755235
2014-08-01,"IBM",160.552865952381,1.96591161119767
2014-09-02,"IBM",162.640271809524,1.99147113881804
2014-10-01,"IBM",149.430879043478,1.82972691543344
2014-11-03,"IBM",138.715860421053,1.69852539873007
2014-12-01,"IBM",136.808244909091,1.67516733867664
2015-01-02,"IBM",133.48550345,1.6344815746656
2015-02-02,"IBM",137.606497473684,1.68494165180455
2015-03-02,"IBM",137.630526409091,1.68523587740333
2015-04-01,"IBM",142.288035190476,1.74226538315688
2015-05-01,"IBM",150.22144315,1.83940708618087
2015-06-01,"IBM",146.157872181818,1.78965013352925
2015-07-01,"IBM",144.064819409091,1.76402146147568
2015-08-03,"IBM",134.532308714286,1.64729932545139
2015-09-01,"IBM",128.165885571429,1.56934478316341
2015-10-01,"IBM",128.827359727273,1.57744429428561
2015-11-02,"IBM",121.87494055,1.49231444309648
2015-12-01,"IBM",122.778193454545,1.50337444730357
2016-01-04,"IBM",114.275853263158,1.39926637545166
2016-02-01,"IBM",114.3308498,1.39993978809809
2016-03-01,"IBM",129.167495045455,1.58160912788995
2016-04-01,"IBM",134.300702095238,1.64446338640468
2016-05-02,"IBM",135.30879947619,1.65680717319837
2016-06-01,"IBM",138.830351409091,1.69992729935281
2016-07-01,"IBM",145.06301115,1.77624395729981
2016-08-01,"IBM",148.332972043478,1.81628344242839
2016-09-01,"IBM",145.050343761905,1.77608884972703
2016-10-03,"IBM",142.11972847619,1.74020452848516
2016-11-01,"IBM",147.773336571429,1.80943090905245
2016-12-01,"IBM",154.347332904762,1.88992710977119
2017-01-03,"IBM",159.23805015,1.9498121685801
2017-02-01,"IBM",167.788233842105,2.05450606674551
2017-03-01,"IBM",166.029225956522,2.03296765317722
2017-04-03,"IBM",157.136108315789,1.92407465319273
2017-05-01,"IBM",145.264991090909,1.77871712841829
2017-06-01,"IBM",146.055890136364,1.78840140037146
2017-07-03,"IBM",142.56370545,1.74564086549938
2017-08-01,"IBM",136.47425973913,1.67107781140661
2017-09-01,"IBM",138.9721405,1.70166345534421
2017-10-02,"IBM",145.261368545455,1.77867277166309
2017-11-01,"IBM",145.967162428571,1.78731496177101
2017-12-01,"IBM",149.14147715,1.82618329421363
2018-01-02,"IBM",158.757819809524,1.94393192224011
2018-02-01,"IBM",150.912766368421,1.84787208824808
2018-03-01,"IBM",152.583702428571,1.86833209425752
2018-04-02,"IBM",147.819118047619,1.8099914866235
2018-05-01,"IBM",141.673167090909,1.73473654628982
2018-06-01,"IBM",141.514920095238,1.73279886922388
2018-07-02,"IBM",143.203820333333,1.75347884007667
2018-08-01,"IBM",144.694861555556,1.77173609904338
2004-08-19,"GOOG",52.291008,1
2004-09-01,"GOOG",56.247734047619,1.07566742732554
2004-10-01,"GOOG",76.1203857619048,1.45570698812891
2004-11-01,"GOOG",88.1741314761905,1.68621976987306
2004-12-01,"GOOG",90.2977013181818,1.72683038196896
2005-01-03,"GOOG",95.7999131,1.83205328724969
2005-02-01,"GOOG",96.8767531578947,1.85264650392463
2005-03-01,"GOOG",89.9937688636364,1.72101805464596
2005-04-01,"GOOG",98.9637175238095,1.89255708216238
2005-05-02,"GOOG",119.080496380952,2.27726526864719
2005-06-01,"GOOG",142.843666681818,2.73170612205101
2005-07-01,"GOOG",148.1422279,2.83303446550504
2005-08-01,"GOOG",142.534689217391,2.72579731523614
2005-09-01,"GOOG",151.136762380952,2.89030118487967
2005-10-03,"GOOG",160.193335380952,3.06349679434277
2005-11-01,"GOOG",198.278011571429,3.79181850102084
2005-12-01,"GOOG",208.122318761905,3.98007853973488
2006-01-03,"GOOG",221.41590435,4.2343017053716
2006-02-01,"GOOG",183.804790210526,3.51503627947899
2006-03-01,"GOOG",178.274626347826,3.40927882567928
2006-04-03,"GOOG",205.552030842105,3.93092500420159
2006-05-01,"GOOG",190.657682954545,3.64608926556829
2006-06-01,"GOOG",195.525116636364,3.73917283515291
2006-07-03,"GOOG",200.46343,3.83361188983008
2006-08-01,"GOOG",187.325972913043,3.58237448612663
2006-09-01,"GOOG",197.2480919,3.77212257793921
2006-10-02,"GOOG",218.8439025,4.18511539307102
2006-11-01,"GOOG",241.247111,4.61354868125702
2006-12-01,"GOOG",235.21862875,4.49826151276334
2007-01-03,"GOOG",243.70543205,4.66056099071565
2007-02-01,"GOOG",232.099104947368,4.43860452924083
2007-03-01,"GOOG",224.992548727273,4.30270054704764
2007-04-02,"GOOG",234.7223572,4.48877094126776
2007-05-01,"GOOG",234.977154863636,4.49364362728744
2007-06-01,"GOOG",255.846439238095,4.89274253879549
2007-07-02,"GOOG",264.519552952381,5.05860496994781
2007-08-01,"GOOG",253.267951608696,4.84343219409149
2007-09-04,"GOOG",268.467300473684,5.13410069420892
2007-10-01,"GOOG",315.64248526087,6.03626698611106
2007-11-01,"GOOG",335.997275285714,6.42552683791665
2007-12-03,"GOOG",345.45216815,6.60633981563331
2008-01-02,"GOOG",303.92847552381,5.81225122919431
2008-02-01,"GOOG",250.2699845,4.78609983001284
2008-03-03,"GOOG",218.7442787,4.18321021273868
2008-04-01,"GOOG",247.181187090909,4.72703045026229
2008-05-01,"GOOG",286.098252047619,5.47127054899418
2008-06-02,"GOOG",276.360163952381,5.28504181736908
2008-07-01,"GOOG",253.365962,4.84530652000436
2008-08-01,"GOOG",241.383367619048,4.61615441834756
2008-09-02,"GOOG",214.66429147619,4.10518556988212
2008-10-01,"GOOG",178.805088173913,3.4194232433598
2008-11-03,"GOOG",151.269297526316,2.89283575344954
2008-12-01,"GOOG",148.804894954545,2.84570714250805
2009-01-02,"GOOG",158.35107955,3.02826596018191
2009-02-02,"GOOG",173.666520684211,3.32115457946824
2009-03-02,"GOOG",163.267646090909,3.12228913412626
2009-04-01,"GOOG",187.617113333333,3.58794218182471
2009-05-01,"GOOG",198.7212586,3.80029504499129
2009-06-01,"GOOG",210.523024818182,4.02598903463827
2009-07-01,"GOOG",212.265102727273,4.05930409158058
2009-08-03,"GOOG",227.480457238095,4.35027867961725
2009-09-01,"GOOG",238.781954809524,4.56640565830217
2009-10-01,"GOOG",263.398214090909,5.03716076941774
2009-11-02,"GOOG",281.6282837,5.38578800584605
2009-12-01,"GOOG",297.708917727273,5.6933099803177
2010-01-04,"GOOG",287.431060684211,5.496758843972
2010-02-01,"GOOG",265.718337210526,5.08153021663928
2010-03-01,"GOOG",278.702308956522,5.32983240553561
2010-04-01,"GOOG",276.73131747619,5.29213966340428
2010-05-03,"GOOG",247.05961915,4.72470561573416
2010-06-01,"GOOG",240.670579363636,4.60252323618692
2010-07-01,"GOOG",234.954939285714,4.49321878219893
2010-08-02,"GOOG",238.107928181818,4.55351574369762
2010-09-01,"GOOG",245.66953752381,4.69812204660139
2010-10-01,"GOOG",286.108427523809,5.47146514222502
2010-11-01,"GOOG",299.060376857143,5.71915494260778
2010-12-01,"GOOG",293.866861545455,5.61983547047811
2011-01-03,"GOOG",305.73772125,5.84685078646791
2011-02-01,"GOOG",306.426202052632,5.8600171190548
2011-03-01,"GOOG",289.245907913043,5.53146552296417
2011-04-01,"GOOG",275.4902009,5.26840486417856
2011-05-02,"GOOG",262.969164238095,5.02895572864259
2011-06-01,"GOOG",249.824449090909,4.77757952363261
2011-07-01,"GOOG",285.0197235,5.45064504206918
2011-08-01,"GOOG",271.804780347826,5.1979258144694
2011-09-01,"GOOG",264.36603,5.05566903586942
2011-10-03,"GOOG",279.05619747619,5.3366000800021
2011-11-01,"GOOG",295.305514380952,5.64734790312232
2011-12-01,"GOOG",311.642352952381,5.95976946844056
2012-01-03,"GOOG",305.4577928,5.84149750565145
2012-02-01,"GOOG",301.23897845,5.76081796797644
2012-03-01,"GOOG",311.609415181818,5.95913957485421
2012-04-02,"GOOG",307.7141159,5.88464685744823
2012-05-01,"GOOG",300.738078772727,5.75123888934647
2012-06-01,"GOOG",283.468691952381,5.42098350738201
2012-07-02,"GOOG",296.099160333333,5.66252538741141
2012-08-01,"GOOG",329.116589217391,6.293942339329
2012-09-04,"GOOG",356.830213210526,6.82393066912243
2012-10-01,"GOOG",360.682203047619,6.89759514767088
2012-11-01,"GOOG",332.891524428571,6.36613324471717
2012-12-03,"GOOG",349.37664345,6.68139048782536
2013-01-02,"GOOG",364.720937,6.97483087340753
2013-02-01,"GOOG",390.433503842105,7.46655149279404
2013-03-01,"GOOG",406.348845,7.77091244827409
2013-04-01,"GOOG",395.629537363636,7.56591912253128
2013-05-01,"GOOG",435.4866665,8.32813677066619
2013-06-03,"GOOG",435.7943268,8.33402038836199
2013-07-01,"GOOG",447.796379772727,8.56354461120213
2013-08-01,"GOOG",434.694546772727,8.31298847351972
2013-09-03,"GOOG",439.78760535,8.41038683649013
2013-10-01,"GOOG",466.314464956522,8.91767978457256
2013-11-01,"GOOG",512.09655615,9.79320490723759
2013-12-02,"GOOG",538.671933190476,10.3014256904452
2014-01-02,"GOOG",564.515747142857,10.7956562463446
2014-02-03,"GOOG",591.242688578947,11.3067755086868
2014-03-03,"GOOG",587.526343952381,11.2357050748071
2014-04-01,"GOOG",537.07543947619,10.270894748791
2014-05-01,"GOOG",531.132878,10.1572507074256
2014-06-02,"GOOG",555.376720761905,10.6208838192965
2014-07-01,"GOOG",580.822007681818,11.1074930451105
2014-08-01,"GOOG",570.463954285714,10.9094082540102
2014-09-02,"GOOG",578.707002142857,11.0670462145778
2014-10-01,"GOOG",544.038582173913,10.4040561270862
2014-11-03,"GOOG",540.008631736842,10.3269883750729
2014-12-01,"GOOG",521.757912363636,9.97796623778292
2015-01-02,"GOOG",509.61356805,9.74572087135899
2015-02-02,"GOOG",535.047835473684,10.2321193631166
2015-03-02,"GOOG",556.653078909091,10.6452925694049
2015-04-01,"GOOG",538.112383238095,10.2907249988009
2015-05-01,"GOOG",535.23899835,10.2357751135721
2015-06-01,"GOOG",532.915912818182,10.1913490139295
2015-07-01,"GOOG",590.093636409091,11.2848013258626
2015-08-03,"GOOG",636.838096904762,12.1787305554477
2015-09-01,"GOOG",617.934756333333,11.8172278555681
2015-10-01,"GOOG",663.592717863636,12.6903791539768
2015-11-02,"GOOG",735.38849785,14.0633834759888
2015-12-01,"GOOG",755.354547772727,14.4452091604875
2016-01-04,"GOOG",718.495791789474,13.7403316415219
2016-02-01,"GOOG",702.6890014,13.4380465834585
2016-03-01,"GOOG",727.056821,13.9040505969975
2016-04-01,"GOOG",736.833812952381,14.0910233161384
2016-05-02,"GOOG",712.182855476191,13.6196046455289
2016-06-01,"GOOG",706.486364136364,13.5106663871609
2016-07-01,"GOOG",725.7195038,13.8784760813943
2016-08-01,"GOOG",775.793475652174,14.8360780433258
2016-09-01,"GOOG",773.619527190476,14.7945040032595
2016-10-03,"GOOG",788.449521,15.0781090507951
2016-11-01,"GOOG",766.64095347619,14.6610475261099
2016-12-01,"GOOG",782.171421666667,14.9580482683881
2017-01-03,"GOOG",807.90475155,15.4501659549191
2017-02-01,"GOOG",816.916580947368,15.6225058990519
2017-03-01,"GOOG",834.111306869565,15.9513334848998
2017-04-03,"GOOG",844.056839736842,16.1415293378327
2017-05-01,"GOOG",939.284085318182,17.9626310764211
2017-06-01,"GOOG",953.766823454545,18.2395952943677
2017-07-03,"GOOG",942.8650085,18.0311117448721
2017-08-01,"GOOG",922.023044695652,17.6325353050309
2017-09-01,"GOOG",931.2995025,17.8099359358305
2017-10-02,"GOOG",982.522275181818,18.7895072740196
2017-11-01,"GOOG",1030.49284428571,19.7068842942503
2017-12-01,"GOOG",1043.6530029,19.9585558362157
2018-01-02,"GOOG",1130.77046704762,21.6245681675828
2018-02-01,"GOOG",1088.20683852632,20.810592110336
2018-03-01,"GOOG",1091.49047857143,20.8733876113352
2018-04-02,"GOOG",1035.69618738095,19.8063917104247
2018-05-01,"GOOG",1069.27590104545,20.4485616541462
2018-06-01,"GOOG",1137.6266682381,21.7556844235647
2018-07-02,"GOOG",1187.59047152381,22.7111795497193
2018-08-01,"GOOG",1222.82610411111,23.3850168677397
2000-01-03,"JPM",28.37846345,1
2000-02-01,"JPM",30.94451745,1.09042258417272
2000-03-01,"JPM",33.3784249565217,1.17618859158218
2000-04-03,"JPM",31.7840742105263,1.12000687657127
2000-05-01,"JPM",28.2714066818182,0.996227534715879
2000-06-01,"JPM",28.4530235454545,1.00262734786843
2000-07-03,"JPM",29.5376091,1.04084596236305
2000-08-01,"JPM",30.7115463043478,1.08221314936443
2000-09-01,"JPM",29.61058655,1.04341754098741
2000-10-02,"JPM",24.4569681363636,0.861814388909898
2000-11-01,"JPM",24.4637491428571,0.862053337946214
2000-12-01,"JPM",25.48360175,0.897990893513299
2001-01-02,"JPM",30.8964988571429,1.08873050549687
2001-02-01,"JPM",30.3188087368421,1.06837386704396
2001-03-01,"JPM",26.7331557727273,0.94202266517454
2001-04-02,"JPM",27.26841405,0.960884090783992
2001-05-01,"JPM",29.1956775454545,1.02879698179905
2001-06-01,"JPM",27.3223508095238,0.962784713755311
2001-07-02,"JPM",26.2746695714286,0.925866533180061
2001-08-01,"JPM",25.1685940869565,0.88689065675811
2001-09-04,"JPM",21.0489596,0.741723019538607
2001-10-01,"JPM",21.1169526956522,0.744118959536274
2001-11-01,"JPM",23.5684590952381,0.830505116556552
2001-12-03,"JPM",22.8390202,0.804801156350134
2002-01-02,"JPM",22.5247273809524,0.793726109260238
2002-02-01,"JPM",18.4490532631579,0.650107547072211
2002-03-01,"JPM",21.4215387,0.754851957990699
2002-04-01,"JPM",22.033781,0.776426145792612
2002-05-01,"JPM",22.8199381818182,0.804128744391839
2002-06-03,"JPM",20.9551366,0.738416885640086
2002-07-01,"JPM",17.3978747272727,0.613066128753801
2002-08-01,"JPM",16.0838881363636,0.566763882924875
2002-09-03,"JPM",13.51073545,0.476091155315881
2002-10-01,"JPM",11.948515173913,0.421041653469545
2002-11-01,"JPM",14.47390875,0.510031446047161
2002-12-02,"JPM",15.5329323809524,0.547349309743984
2003-01-02,"JPM",16.6850884285714,0.587948972571009
2003-02-03,"JPM",14.5647548947368,0.51323268155087
2003-03-03,"JPM",14.8386534285714,0.522884315238408
2003-04-01,"JPM",17.7319132380952,0.624836974325163
2003-05-01,"JPM",20.3449235714286,0.716914205283675
2003-06-02,"JPM",22.7745834285714,0.802530534068483
2003-07-01,"JPM",23.4869907272727,0.827634335053215
2003-08-01,"JPM",22.4075656666667,0.78959756599037
2003-09-02,"JPM",23.0160914761905,0.811040792139522
2003-10-01,"JPM",24.0563417391304,0.847697120089511
2003-11-03,"JPM",23.9838434210526,0.845142425110851
2003-12-01,"JPM",23.9979020909091,0.845637824373084
2004-01-02,"JPM",26.37524035,0.929410445229726
2004-02-02,"JPM",27.1644011052632,0.957218883718779
2004-03-01,"JPM",28.3365602608696,0.99852341585709
2004-04-01,"JPM",27.0647090952381,0.953705937706014
2004-05-03,"JPM",24.9115834,0.877834116843278
2004-06-01,"JPM",25.7087493333333,0.905924641713938
2004-07-01,"JPM",25.4313558095238,0.896149851606
2004-08-02,"JPM",26.1286309090909,0.920720424314971
2004-09-01,"JPM",27.3186186666667,0.962653200544114
2004-10-01,"JPM",26.9253403809524,0.948794864401032
2004-11-01,"JPM",26.7556275238095,0.942814524505537
2004-12-01,"JPM",26.8430476818182,0.945895035124539
2005-01-03,"JPM",26.4917238,0.933515087829746
2005-02-01,"JPM",26.1117147368421,0.920124332413146
2005-03-01,"JPM",25.2984873181818,0.891467833089526
2005-04-01,"JPM",24.6240085714286,0.867700558023996
2005-05-02,"JPM",25.2558952857143,0.889966975492265
2005-06-01,"JPM",25.3409881363636,0.892965476478736
2005-07-01,"JPM",25.23571535,0.889255875127376
2005-08-01,"JPM",24.7796245217391,0.873184151263099
2005-09-01,"JPM",24.573834,0.865932506997661
2005-10-03,"JPM",24.9847815714286,0.880413473247036
2005-11-01,"JPM",27.4578745714286,0.96756029866827
2005-12-01,"JPM",28.5135892857143,1.004761562794
2006-01-03,"JPM",28.85534755,1.01680443695763
2006-02-01,"JPM",29.44029,1.03741663292908
2006-03-01,"JPM",30.2999164347826,1.06770814030041
2006-04-03,"JPM",31.2447936315789,1.10100371313722
2006-05-01,"JPM",32.4710294545455,1.14421379831773
2006-06-01,"JPM",30.5611655909091,1.07691403534778
2006-07-03,"JPM",31.8837545,1.12351940957536
2006-08-01,"JPM",33.5545334782609,1.18239430184022
2006-09-01,"JPM",34.4080705,1.21247123053803
2006-10-02,"JPM",35.4068833636364,1.24766738784218
2006-11-01,"JPM",35.3125174761905,1.24434212368149
2006-12-01,"JPM",35.66037355,1.25659987239373
2007-01-03,"JPM",36.7848354,1.29622364737299
2007-02-01,"JPM",38.2886320526316,1.34921441818343
2007-03-01,"JPM",36.2518187272727,1.2774412114012
2007-04-02,"JPM",38.2937798,1.34939581445168
2007-05-01,"JPM",39.6055882272727,1.39562130617303
2007-06-01,"JPM",37.8469593333333,1.33365075949288
2007-07-02,"JPM",36.3309720952381,1.28023041695861
2007-08-01,"JPM",34.2513520869565,1.20694878872861
2007-09-04,"JPM",34.8172884736842,1.22689124924007
2007-10-01,"JPM",35.809080173913,1.26183999486107
2007-11-01,"JPM",33.0668913809524,1.16521077468528
2007-12-03,"JPM",34.52016095,1.21642107264972
2008-01-02,"JPM",33.0105484285714,1.16322536231508
2008-02-01,"JPM",33.9954237,1.19793038688992
2008-03-03,"JPM",31.74810485,1.11873938861901
2008-04-01,"JPM",35.5059717727273,1.25115906417151
2008-05-01,"JPM",35.6046967142857,1.2546379326357
2008-06-02,"JPM",30.2155451904762,1.06473506727075
2008-07-01,"JPM",29.3489420909091,1.03419771625828
2008-08-01,"JPM",30.454835952381,1.07316719265084
2008-09-02,"JPM",32.4675474285714,1.14409109872266
2008-10-01,"JPM",32.0369348695652,1.12891717784548
2008-11-03,"JPM",26.704028,0.940996261022018
2008-12-01,"JPM",24.5929947272727,0.866607692506083
2009-01-02,"JPM",20.67849345,0.728668537196647
2009-02-02,"JPM",18.9543735789474,0.667914019106181
2009-03-02,"JPM",18.7835867727273,0.661895835404269
2009-04-01,"JPM",25.3519763333333,0.89335267844931
2009-05-01,"JPM",28.7822788,1.01422964110483
2009-06-01,"JPM",27.8116564545455,0.980026860987269
2009-07-01,"JPM",28.9597366363636,1.02048289849758
2009-08-03,"JPM",34.1603766190476,1.2037429961363
2009-09-01,"JPM",35.362775,1.24611309778296
2009-10-01,"JPM",36.3012445,1.27918287626669
2009-11-02,"JPM",34.87315565,1.22885989621824
2009-12-01,"JPM",33.6145300909091,1.18450846185293
2010-01-04,"JPM",34.2801767894737,1.20796451329622
2010-02-01,"JPM",32.2485890526316,1.13637544574781
2010-03-01,"JPM",35.2446519565217,1.241950679205
2010-04-01,"JPM",36.7319368095238,1.29435960739177
2010-05-03,"JPM",32.854935,1.15774185793699
2010-06-01,"JPM",31.0409783181818,1.0938216712428
2010-07-01,"JPM",31.8148978095238,1.12109303823227
2010-08-02,"JPM",31.0286823181818,1.09338838492265
2010-09-01,"JPM",32.213657,1.13514451044036
2010-10-01,"JPM",31.3623728095238,1.10514696698717
2010-11-01,"JPM",31.761648047619,1.1192166236759
2010-12-01,"JPM",33.2751008181818,1.17254765666962
2011-01-03,"JPM",36.28325825,1.27854907697619
2011-02-01,"JPM",37.7085871052632,1.3287748003588
2011-03-01,"JPM",37.1951834347826,1.31068348715626
2011-04-01,"JPM",37.52743075,1.32239121459552
2011-05-02,"JPM",36.0087339047619,1.26887539095292
2011-06-01,"JPM",33.4115851363636,1.17735708965468
2011-07-01,"JPM",33.61195145,1.18441759573139
2011-08-01,"JPM",30.1524193913043,1.06251064101585
2011-09-01,"JPM",26.6779204761905,0.940076284369458
2011-10-03,"JPM",27.2465590952381,0.960113966115318
2011-11-01,"JPM",26.3716286190476,0.929283175091977
2011-12-01,"JPM",27.0376382857143,0.952752016801469
2012-01-03,"JPM",30.57065775,1.07724851995114
2012-02-01,"JPM",32.03552635,1.12886754444769
2012-03-01,"JPM",36.3686551363636,1.28155829157
2012-04-02,"JPM",36.9154711,1.30082698681137
2012-05-01,"JPM",31.310274,1.10331110967884
2012-06-01,"JPM",29.0342091904762,1.02310716158511
2012-07-02,"JPM",29.811636952381,1.05050215297618
2012-08-01,"JPM",31.4585675217391,1.10853667525608
2012-09-04,"JPM",34.1514492631579,1.20342841406228
2012-10-01,"JPM",35.8321558095238,1.2626531338688
2012-11-01,"JPM",35.0524205714286,1.23517683165572
2012-12-03,"JPM",36.78103675,1.29608979058378
2013-01-02,"JPM",39.8493052380952,1.40420940366647
2013-02-01,"JPM",41.9377464736842,1.47780187421262
2013-03-01,"JPM",42.627288,1.50209993134776
2013-04-01,"JPM",41.8399606818182,1.47435609949552
2013-05-01,"JPM",44.5526561363636,1.56994603371888
2013-06-03,"JPM",46.25531495,1.62994430729124
2013-07-01,"JPM",48.2432723636364,1.69999592996415
2013-08-01,"JPM",46.6381574545455,1.643434907486
2013-09-03,"JPM",45.7933656,1.61366614089883
2013-10-01,"JPM",46.3580903478261,1.63356590569128
2013-11-01,"JPM",48.3826704,1.70490803652021
2013-12-02,"JPM",50.2909044761905,1.77215036905708
2014-01-02,"JPM",51.0059489047619,1.79734709719676
2014-02-03,"JPM",50.5067486315789,1.77975628316053
2014-03-03,"JPM",52.2255684285714,1.84032403729637
2014-04-01,"JPM",50.9137969047619,1.79409984597887
2014-05-01,"JPM",48.6483648095238,1.71427057336058
2014-06-02,"JPM",50.9924425238095,1.79687115948519
2014-07-01,"JPM",51.8654535454545,1.82763431278921
2014-08-01,"JPM",51.6909500952381,1.8214851620248
2014-09-02,"JPM",54.1263302380952,1.90730306217813
2014-10-01,"JPM",52.9313036956522,1.86519272930023
2014-11-03,"JPM",54.9305256842105,1.93564129294712
2014-12-01,"JPM",55.6429291818182,1.96074495998895
2015-01-02,"JPM",52.3680391,1.8453444173349
2015-02-02,"JPM",53.6826947368421,1.89167023899746
2015-03-02,"JPM",55.5967860909091,1.95911897023125
2015-04-01,"JPM",57.103194047619,2.01220175814766
2015-05-01,"JPM",60.15457415,2.11972625847014
2015-06-01,"JPM",62.2375910454545,2.19312758617502
2015-07-01,"JPM",63.0496142272727,2.22174165061332
2015-08-03,"JPM",61.1324471904762,2.15418453850348
2015-09-01,"JPM",57.0413347619048,2.01002196128081
2015-10-01,"JPM",58.1396855454545,2.04872563477198
2015-11-02,"JPM",62.08150805,2.18762753520399
2015-12-01,"JPM",61.4890794545455,2.16675154251685
2016-01-04,"JPM",54.7197609473684,1.9282143673416
2016-02-01,"JPM",53.4670188,1.8840702525774
2016-03-01,"JPM",55.6678526363636,1.9616232124211
2016-04-01,"JPM",57.9298526190476,2.04133154429288
2016-05-02,"JPM",59.360557047619,2.09174669207184
2016-06-01,"JPM",59.318707,2.09027198052895
2016-07-01,"JPM",59.8647738,2.10951427674989
2016-08-01,"JPM",62.4521419130435,2.20068792741643
2016-09-01,"JPM",63.3772689047619,2.23328754273205
2016-10-03,"JPM",65.2114697142857,2.29792109178785
2016-11-01,"JPM",72.1818930952381,2.54354479841431
2016-12-01,"JPM",81.5087574761905,2.87220474849883
2017-01-03,"JPM",82.3597403,2.90219167239655
2017-02-01,"JPM",85.2880289473684,3.00537867730708
2017-03-01,"JPM",86.7490705652174,3.05686284664639
2017-04-03,"JPM",83.9120411052632,2.95689163203313
2017-05-01,"JPM",83.6618839545455,2.94807659695703
2017-06-01,"JPM",84.3122735454545,2.97099501859938
2017-07-03,"JPM",90.23524705,3.17970869737135
2017-08-01,"JPM",90.1284568695652,3.17594562610349
2017-09-01,"JPM",90.4295231,3.18655459480136
2017-10-02,"JPM",96.7883651363636,3.41062740436581
2017-11-01,"JPM",97.9104440952381,3.45016721105237
2017-12-01,"JPM",104.6262123,3.68681738122788
2018-01-02,"JPM",111.130455380952,3.91601383128981
2018-02-01,"JPM",112.814892315789,3.9753700024865
2018-03-01,"JPM",112.215194714286,3.95423786463977
2018-04-02,"JPM",109.74761347619,3.86728526262723
2018-05-01,"JPM",110.286131,3.88626153753226
2018-06-01,"JPM",107.152467571429,3.77583753821698
2018-07-02,"JPM",109.898192952381,3.87259138064365
2018-08-01,"JPM",115.559444888889,4.07208251752224
